scenario,generator,start,covered
base,hydro,2015-01-01T00:00:00.000000,2015-01-01T00:00:00.000000
base,hydro,2015-01-01T00:00:00.000000,2015-01-01T01:00:00.000000
base,hydro,2015-01-01T00:00:00.000000,2015-01-01T02:00:00.000000
base,hydro,2015-01-01T01:00:00.000000,2015-01-01T01:00:00.000000
base,hydro,2015-01-01T01:00:00.000000,2015-01-01T02:00:00.000000
base,hydro,2015-01-01T02:00:00.000000,2015-01-01T02:00:00.000000
base,hydro,2015-01-01T03:00:00.000000,2015-01-01T03:00:00.000000
base,wind_ext,2015-01-01T00:00:00.000000,2015-01-01T00:00:00.000000
base,wind_ext,2015-01-01T00:00:00.000000,2015-01-01T01:00:00.000000
base,wind_ext,2015-01-01T01:00:00.000000,2015-01-01T01:00:00.000000
base,wind_ext,2015-01-01T01:00:00.000000,2015-01-01T02:00:00.000000
base,wind_ext,2015-01-01T02:00:00.000000,2015-01-01T02:00:00.000000
base,wind_ext,2015-01-01T03:00:00.000000,2015-01-01T03:00:00.000000
