scenario,link,start,covered
base,tie_ext,2015-01-01T00:00:00.000000,2015-01-01T00:00:00.000000
base,tie_ext,2015-01-01T00:00:00.000000,2015-01-01T01:00:00.000000
base,tie_ext,2015-01-01T00:00:00.000000,2015-01-01T02:00:00.000000
base,tie_ext,2015-01-01T01:00:00.000000,2015-01-01T01:00:00.000000
base,tie_ext,2015-01-01T01:00:00.000000,2015-01-01T02:00:00.000000
base,tie_ext,2015-01-01T02:00:00.000000,2015-01-01T02:00:00.000000
base,tie_ext,2015-01-01T03:00:00.000000,2015-01-01T03:00:00.000000
base,tie_fix,2015-01-01T00:00:00.000000,2015-01-01T00:00:00.000000
base,tie_fix,2015-01-01T01:00:00.000000,2015-01-01T01:00:00.000000
base,tie_fix,2015-01-01T01:00:00.000000,2015-01-01T02:00:00.000000
base,tie_fix,2015-01-01T02:00:00.000000,2015-01-01T02:00:00.000000
base,tie_fix,2015-01-01T03:00:00.000000,2015-01-01T03:00:00.000000
