generator,start,covered
fixed44,2015-01-01T00:00:00.000000,2015-01-01T00:00:00.000000
fixed44,2015-01-01T01:00:00.000000,2015-01-01T01:00:00.000000
fixed44,2015-01-01T01:00:00.000000,2015-01-01T02:00:00.000000
fixed44,2015-01-01T02:00:00.000000,2015-01-01T02:00:00.000000
fixed44,2015-01-01T03:00:00.000000,2015-01-01T03:00:00.000000
maint44,2015-01-01T00:00:00.000000,2015-01-01T00:00:00.000000
maint44,2015-01-01T00:00:00.000000,2015-01-01T01:00:00.000000
maint44,2015-01-01T01:00:00.000000,2015-01-01T01:00:00.000000
maint44,2015-01-01T01:00:00.000000,2015-01-01T02:00:00.000000
maint44,2015-01-01T02:00:00.000000,2015-01-01T02:00:00.000000
maint44,2015-01-01T03:00:00.000000,2015-01-01T03:00:00.000000
