scenario,snapshot,process,value
base,2015-01-01T00:00:00.000000,conv_ext,1.0
base,2015-01-01T00:00:00.000000,conv_fix,1.0
base,2015-01-01T00:00:00.000000,conv_set,1.0
base,2015-01-01T01:00:00.000000,conv_ext,1.0
base,2015-01-01T01:00:00.000000,conv_fix,1.0
base,2015-01-01T01:00:00.000000,conv_set,1.0
base,2015-01-01T02:00:00.000000,conv_ext,1.0
base,2015-01-01T02:00:00.000000,conv_fix,1.0
base,2015-01-01T02:00:00.000000,conv_set,1.0
base,2015-01-01T03:00:00.000000,conv_ext,1.0
base,2015-01-01T03:00:00.000000,conv_fix,1.0
base,2015-01-01T03:00:00.000000,conv_set,1.0
