scenario,snapshot,process_output,value
base,2015-01-01T00:00:00.000000,conv_ext_bus0,-1.0
base,2015-01-01T00:00:00.000000,conv_ext_bus1,1.0
base,2015-01-01T00:00:00.000000,conv_fix_bus0,-1.0
base,2015-01-01T00:00:00.000000,conv_fix_bus1,1.0
base,2015-01-01T00:00:00.000000,conv_set_bus0,-1.0
base,2015-01-01T00:00:00.000000,conv_set_bus1,1.0
base,2015-01-01T01:00:00.000000,conv_ext_bus0,-1.0
base,2015-01-01T01:00:00.000000,conv_ext_bus1,1.0
base,2015-01-01T01:00:00.000000,conv_fix_bus0,-1.0
base,2015-01-01T01:00:00.000000,conv_fix_bus1,1.0
base,2015-01-01T01:00:00.000000,conv_set_bus0,-1.0
base,2015-01-01T01:00:00.000000,conv_set_bus1,1.0
base,2015-01-01T02:00:00.000000,conv_ext_bus0,-1.0
base,2015-01-01T02:00:00.000000,conv_ext_bus1,1.0
base,2015-01-01T02:00:00.000000,conv_fix_bus0,-1.0
base,2015-01-01T02:00:00.000000,conv_fix_bus1,1.0
base,2015-01-01T02:00:00.000000,conv_set_bus0,-1.0
base,2015-01-01T02:00:00.000000,conv_set_bus1,1.0
base,2015-01-01T03:00:00.000000,conv_ext_bus0,-1.0
base,2015-01-01T03:00:00.000000,conv_ext_bus1,1.0
base,2015-01-01T03:00:00.000000,conv_fix_bus0,-1.0
base,2015-01-01T03:00:00.000000,conv_fix_bus1,1.0
base,2015-01-01T03:00:00.000000,conv_set_bus0,-1.0
base,2015-01-01T03:00:00.000000,conv_set_bus1,1.0
