snapshot,process,value
2015-01-01T00:00:00.000000,conv_ext,true
2015-01-01T00:00:00.000000,conv_fix,true
2015-01-01T00:00:00.000000,conv_set,true
2015-01-01T01:00:00.000000,conv_ext,true
2015-01-01T01:00:00.000000,conv_fix,true
2015-01-01T01:00:00.000000,conv_set,true
2015-01-01T02:00:00.000000,conv_ext,true
2015-01-01T02:00:00.000000,conv_fix,true
2015-01-01T02:00:00.000000,conv_set,true
2015-01-01T03:00:00.000000,conv_ext,true
2015-01-01T03:00:00.000000,conv_fix,true
2015-01-01T03:00:00.000000,conv_set,true
