scenario,snapshot,transformer,segment,value
base,2015-01-01T00:00:00.000000,bc22,1,-0.2
base,2015-01-01T00:00:00.000000,bc22,2,-0.8
base,2015-01-01T00:00:00.000000,bc22,3,-1.8
base,2015-01-01T00:00:00.000000,ca22,1,-0.4725
base,2015-01-01T00:00:00.000000,ca22,2,-1.89
base,2015-01-01T00:00:00.000000,ca22,3,-4.2525
base,2015-01-01T01:00:00.000000,bc22,1,-0.2
base,2015-01-01T01:00:00.000000,bc22,2,-0.8
base,2015-01-01T01:00:00.000000,bc22,3,-1.8
base,2015-01-01T01:00:00.000000,ca22,1,-0.4725
base,2015-01-01T01:00:00.000000,ca22,2,-1.89
base,2015-01-01T01:00:00.000000,ca22,3,-4.2525
base,2015-01-01T02:00:00.000000,bc22,1,-0.2
base,2015-01-01T02:00:00.000000,bc22,2,-0.8
base,2015-01-01T02:00:00.000000,bc22,3,-1.8
base,2015-01-01T02:00:00.000000,ca22,1,-0.4725
base,2015-01-01T02:00:00.000000,ca22,2,-1.89
base,2015-01-01T02:00:00.000000,ca22,3,-4.2525
base,2015-01-01T03:00:00.000000,bc22,1,-0.2
base,2015-01-01T03:00:00.000000,bc22,2,-0.8
base,2015-01-01T03:00:00.000000,bc22,3,-1.8
base,2015-01-01T03:00:00.000000,ca22,1,-0.4725
base,2015-01-01T03:00:00.000000,ca22,2,-1.89
base,2015-01-01T03:00:00.000000,ca22,3,-4.2525
