snapshot,transformer,cycle,value
2015-01-01T00:00:00.000000,bc,0,17453.292519943294
2015-01-01T00:00:00.000000,bc,1,0.0
2015-01-01T00:00:00.000000,ca,0,0.0
2015-01-01T00:00:00.000000,ca,1,0.0
2015-01-01T00:00:00.000000,ca2,0,0.0
2015-01-01T00:00:00.000000,ca2,1,-0.0
2015-01-01T01:00:00.000000,bc,0,17453.292519943294
2015-01-01T01:00:00.000000,bc,1,0.0
2015-01-01T01:00:00.000000,ca,0,0.0
2015-01-01T01:00:00.000000,ca,1,0.0
2015-01-01T01:00:00.000000,ca2,0,0.0
2015-01-01T01:00:00.000000,ca2,1,-0.0
2015-01-01T02:00:00.000000,bc,0,17453.292519943294
2015-01-01T02:00:00.000000,bc,1,0.0
2015-01-01T02:00:00.000000,ca,0,0.0
2015-01-01T02:00:00.000000,ca,1,0.0
2015-01-01T02:00:00.000000,ca2,0,0.0
2015-01-01T02:00:00.000000,ca2,1,-0.0
2015-01-01T03:00:00.000000,bc,0,17453.292519943294
2015-01-01T03:00:00.000000,bc,1,0.0
2015-01-01T03:00:00.000000,ca,0,0.0
2015-01-01T03:00:00.000000,ca,1,0.0
2015-01-01T03:00:00.000000,ca2,0,0.0
2015-01-01T03:00:00.000000,ca2,1,-0.0
