scenario,global_constraint,snapshot,generator,value
base,co2_cap,2015-01-01T00:00:00.000000,coal5,2.571428571429
base,co2_cap,2015-01-01T00:00:00.000000,gas5,0.8
base,co2_cap,2015-01-01T01:00:00.000000,coal5,2.571428571429
base,co2_cap,2015-01-01T01:00:00.000000,gas5,0.8
base,co2_cap,2015-01-01T02:00:00.000000,coal5,2.571428571429
base,co2_cap,2015-01-01T02:00:00.000000,gas5,0.8
base,co2_cap,2015-01-01T03:00:00.000000,coal5,2.571428571429
base,co2_cap,2015-01-01T03:00:00.000000,gas5,0.8
base,co2_exact,2015-01-01T00:00:00.000000,coal5,2.571428571429
base,co2_exact,2015-01-01T00:00:00.000000,gas5,0.8
base,co2_exact,2015-01-01T01:00:00.000000,coal5,2.571428571429
base,co2_exact,2015-01-01T01:00:00.000000,gas5,0.8
base,co2_exact,2015-01-01T02:00:00.000000,coal5,2.571428571429
base,co2_exact,2015-01-01T02:00:00.000000,gas5,0.8
base,co2_exact,2015-01-01T03:00:00.000000,coal5,2.571428571429
base,co2_exact,2015-01-01T03:00:00.000000,gas5,0.8
base,co2_floor,2015-01-01T00:00:00.000000,coal5,2.571428571429
base,co2_floor,2015-01-01T00:00:00.000000,gas5,0.8
base,co2_floor,2015-01-01T01:00:00.000000,coal5,2.571428571429
base,co2_floor,2015-01-01T01:00:00.000000,gas5,0.8
base,co2_floor,2015-01-01T02:00:00.000000,coal5,2.571428571429
base,co2_floor,2015-01-01T02:00:00.000000,gas5,0.8
base,co2_floor,2015-01-01T03:00:00.000000,coal5,2.571428571429
base,co2_floor,2015-01-01T03:00:00.000000,gas5,0.8
