scenario,global_constraint,snapshot,value
base,co2_cap,2015-01-01T00:00:00.000000,true
base,co2_cap,2015-01-01T01:00:00.000000,true
base,co2_cap,2015-01-01T02:00:00.000000,true
base,co2_cap,2015-01-01T03:00:00.000000,true
base,co2_exact,2015-01-01T00:00:00.000000,true
base,co2_exact,2015-01-01T01:00:00.000000,true
base,co2_exact,2015-01-01T02:00:00.000000,true
base,co2_exact,2015-01-01T03:00:00.000000,true
base,co2_floor,2015-01-01T00:00:00.000000,true
base,co2_floor,2015-01-01T01:00:00.000000,true
base,co2_floor,2015-01-01T02:00:00.000000,true
base,co2_floor,2015-01-01T03:00:00.000000,true
base,op_coal,2015-01-01T00:00:00.000000,true
base,op_coal,2015-01-01T01:00:00.000000,true
base,op_coal,2015-01-01T02:00:00.000000,true
base,op_coal,2015-01-01T03:00:00.000000,true
base,op_gas,2015-01-01T00:00:00.000000,true
base,op_gas,2015-01-01T01:00:00.000000,true
base,op_gas,2015-01-01T02:00:00.000000,true
base,op_gas,2015-01-01T03:00:00.000000,true
base,op_wind,2015-01-01T00:00:00.000000,true
base,op_wind,2015-01-01T01:00:00.000000,true
base,op_wind,2015-01-01T02:00:00.000000,true
base,op_wind,2015-01-01T03:00:00.000000,true
