scenario,snapshot,link,value
base,2015-01-01T00:00:00.000000,cold_tie,0.0
base,2015-01-01T00:00:00.000000,ext_tie,0.0
base,2015-01-01T00:00:00.000000,hvdc,5.0
base,2015-01-01T00:00:00.000000,mod_fix,0.0
base,2015-01-01T00:00:00.000000,mod_tie,0.0
base,2015-01-01T00:00:00.000000,wire,0.0
base,2015-01-01T01:00:00.000000,cold_tie,0.0
base,2015-01-01T01:00:00.000000,ext_tie,0.0
base,2015-01-01T01:00:00.000000,hvdc,5.0
base,2015-01-01T01:00:00.000000,mod_fix,0.0
base,2015-01-01T01:00:00.000000,mod_tie,0.0
base,2015-01-01T01:00:00.000000,wire,0.0
base,2015-01-01T02:00:00.000000,cold_tie,0.0
base,2015-01-01T02:00:00.000000,ext_tie,0.0
base,2015-01-01T02:00:00.000000,hvdc,5.0
base,2015-01-01T02:00:00.000000,mod_fix,0.0
base,2015-01-01T02:00:00.000000,mod_tie,0.0
base,2015-01-01T02:00:00.000000,wire,0.0
base,2015-01-01T03:00:00.000000,cold_tie,0.0
base,2015-01-01T03:00:00.000000,ext_tie,0.0
base,2015-01-01T03:00:00.000000,hvdc,5.0
base,2015-01-01T03:00:00.000000,mod_fix,0.0
base,2015-01-01T03:00:00.000000,mod_tie,0.0
base,2015-01-01T03:00:00.000000,wire,0.0
