scenario,snapshot,generator,value
base,2015-01-01T00:00:00.000000,coal,1.0
base,2015-01-01T00:00:00.000000,gas,1.0
base,2015-01-01T00:00:00.000000,must_run,1.0
base,2015-01-01T01:00:00.000000,coal,1.0
base,2015-01-01T01:00:00.000000,gas,1.0
base,2015-01-01T01:00:00.000000,must_run,1.0
base,2015-01-01T02:00:00.000000,coal,1.0
base,2015-01-01T02:00:00.000000,gas,1.0
base,2015-01-01T02:00:00.000000,must_run,1.0
base,2015-01-01T03:00:00.000000,coal,1.0
base,2015-01-01T03:00:00.000000,gas,1.0
base,2015-01-01T03:00:00.000000,must_run,1.0
